Student ID,Student Name,Majors,Professor ID,Professor Name,Departments
A01207168,Estes Duncan,[Art & Art History   Media Arts & Culture   Urban & Environmental Policy],[Education Minor   Environmental Science Concentration (Biology or Geology)   Public Health Minor],A00939877,Heldman Caroline,Politics,13,
A01207885,Howe Alisson,[American Studies   Psychology   Sociology],[Environmental Science Concentration (Biology or Geology)],A01168626,Mithlo Nancy Marie,Art and Art History,2,
A01208824,Harrington Jacoby,[Music   Psychology   Urban & Environmental Policy],[Education Minor],A01191104,Schoenberg Adam,Music,10,
A01210041,Ware Sanaa,[Undecided   Cognitive Science   Economics],[3/2 Engineering Program (with CalTech or Columbia)],A00484976,Montag Warren,English,13,
A01210187,Rollins Isaac,[Diplomacy & World Affairs   Economics   Mathematics],[3/2 Engineering Program (with CalTech or Columbia)   Computer Science Minor],A00519149,Prebel Julie,Writing and Rhetoric,8,
A01208884,Bush Will,[Media Arts & Culture   Psychology   Sociology],[],A00942638,Mora Richard,Sociology,44,
A01209995,Swanson Lauren,[Chemistry   Cognitive Science   Media Arts & Culture],[Gender   Women   and Sexuality Studies Minor],A00669452,Nersissian Aram,Chemistry,9,
A01213910,Mosley Josephine,[Biochemistry   Biology   Economics],[3/2 Engineering Program (with CalTech or Columbia)   Computer Science Minor   Pre-Health Advising (for students who are interested in pursuing medicine or other health-related fields)],A00485196,Guillen Felisa,Spanish and French Studies,3,
A01212019,Macias Kiera,[Biology   Critical Theory & Social Justice   Urban & Environmental Policy],[Computer Science Minor   Environmental Science Concentration (Biology or Geology)   Public Health Minor],A00485252,Saint-Aubin Arthur,Spanish and French Studies,3,
A01211247,Hensley Alivia,[Diplomacy & World Affairs   Media Arts & Culture],[],A00486090,Naimi Ramin,Mathematics,8,
A01208942,Wheeler Ariella,[Critical Theory & Social Justice   Psychology   Sociology],[Gender   Women   and Sexuality Studies Minor],A00485257,Fernandez Salvador,Spanish and French Studies,11,
A01212292,Mayo Triston,[Diplomacy & World Affairs   Politics   Psychology],[Pre-Law Advising],A01181684,Basu Treena,Mathematics,7,
A01212734,Pruitt Anderson,[Economics],[Pre-Law Advising],A01063168,Lehr Brandon,Economics,27,
A01209437,Liu Shayna,[Undecided   English   Theater],[Computer Science Minor   Environmental Science Concentration (Biology or Geology)   German Minor   Neuroscience Minor   Pre-Health Advising (for students who are interested in pursuing medicine or other health-related fields)],A01193414,Lerner Ross,English,9,
A01208578,Orozco Donte,[Biochemistry   Biology   Chemistry],[Neuroscience Minor   Pre-Health Advising (for students who are interested in pursuing medicine or other health-related fields)   Public Health Minor],A00485516,Spain Eileen,Chemistry,2,
A01213873,Jimenez Gloria,[Cognitive Science   Media Arts & Culture   Psychology],[],A01182533,Hong Jane,History,7,
A01200135,Russo Wyatt,[French   Sociology   Urban & Environmental Policy],[Gender   Women   and Sexuality Studies Minor],A00485818,Sousa Lisa,History,7,
A01212745,Bates Justine,[Critical Theory & Social Justice   Spanish   Urban & Environmental Policy],[3/2 Engineering Program (with CalTech or Columbia)   Pre-Law Advising],A01168626,Mithlo Nancy Marie,Art and Art History,2,
A01211779,Conner Chanel,[Diplomacy & World Affairs   Politics],[],A00485625,Reddy Movindri,Diplomacy and World Affairs,15,
A01208044,Cervantes Aimee,[Biology   Kinesiology   Urban & Environmental Policy],[Pre-Law Advising],A01138146,Zellmer McCormack Amanda,Biology,11,
A01208022,Hale Gretchen,[Diplomacy & World Affairs   East Asian Studies   French],[Education Minor   Interdisciplinary Writing Minor   Linguistics Minor   Pre-Law Advising],A00484977,Newhall Eric,English,6,
A01209688,Maynard Cheyenne,[Biology   Kinesiology],[Pre-Health Advising (for students who are interested in pursuing medicine or other health-related fields)],A00519136,Baran Renee,Biology,16,
A01206854,Cordova Daniella,[Theater],[],A00485267,Bouchard John,Theater,5,
A01208429,Cole Adrienne,[Diplomacy & World Affairs   Philosophy   Politics],[Linguistics Minor   Pre-Law Advising],A00485591,Trevizo Dolores,Sociology,1,
A01206263,Mathis Jadiel,[Diplomacy & World Affairs   Politics   Spanish],[Linguistics Minor   Pre-Law Advising],A01183148,Moses Kelema,Art and Art History,3,
A01206989,Harvey Joy,[History   Spanish   Urban & Environmental Policy],[],A00492943,Fett Sharla,History,11,
A01210189,Cabrera Jasmine,[Economics   Psychology],[Gender   Women   and Sexuality Studies Minor   Interdisciplinary Writing Minor],A01130100,Jalil Andrew,Economics,14,
A01208533,Esparza Cesar,[Critical Theory & Social Justice   Philosophy   Psychology],[Gender   Women   and Sexuality Studies Minor   Neuroscience Minor   Pre-Health Advising (for students who are interested in pursuing medicine or other health-related fields)],A00486431,Lyford Amy,Art and Art History,8,
A01206812,Guerrero Yair,[Biochemistry   Biology],[Pre-Health Advising (for students who are interested in pursuing medicine or other health-related fields)],A01034816,Levitan Carmel,Cognitive Science,14,
A01208962,Huang Phoenix,[Diplomacy & World Affairs   English   Urban & Environmental Policy],[Environmental Science Concentration (Biology or Geology)   Interdisciplinary Writing Minor],A00992021,Lorenz Shanna,Music,6,
A01211186,Keller Wade,[Psychology],[Gender   Women   and Sexuality Studies Minor],A00484974,Mehl Lynn,Kinesiology,8,
A01206404,Haynes Peter,[Economics   Media Arts & Culture   Sociology],[Gender   Women   and Sexuality Studies Minor],A00772337,Lopez Mary,Economics,25,
A01208830,Todd Valentin,[Cognitive Science   Music   Psychology],[Linguistics Minor   Neuroscience Minor],A00487485,Lawrence Donald,Mathematics,5,
A01207329,Yoder Davion,[American Studies   Diplomacy & World Affairs   History],[Classical Studies Minor   Gender   Women   and Sexuality Studies Minor   Pre-Law Advising],A01202491,Baker Courtney,American Studies,2,
A01207033,Clay Mollie,[Economics   Religious Studies   Urban & Environmental Policy],[Environmental Science Concentration (Biology or Geology)],A01071452,Djerdjian Daron,Economics,14,
A01209270,Patterson Elliott,[Japanese   Mathematics   Physics],[3/2 Engineering Program (with CalTech or Columbia)   Computer Science Minor],A00485524,Richmond Walter,Comparative Studies/Lit & Cult,3,
A01209739,Mccoy Destinee,[Biology   Economics   Politics],[3/2 Engineering Program (with CalTech or Columbia)],A00510857,Cannon Jeffrey,Chemistry,12,
A01207215,Sampson Reese,[Undecided],[Gender   Women   and Sexuality Studies Minor   Interdisciplinary Writing Minor],A00485201,Wright Dale,Religious Studies,1,
A01212445,Ibarra Reid,[Critical Theory & Social Justice   Latino/a and Latin American Studies   Media Arts & Culture],[Education Minor   Gender   Women   and Sexuality Studies Minor   Interdisciplinary Writing Minor   Public Health Minor],A00484983,Pollock Roberta,Biology,19,
A01207328,Kelley Darius,[Comparative Studies in Literature & Culture   Diplomacy & World Affairs   Politics],[Classical Studies Minor   Interdisciplinary Writing Minor   Pre-Law Advising],A00485269,Burkdall Thomas,Writing and Rhetoric,5,
A01206645,Saunders Anthony,[Biochemistry   Biology   Psychology],[Pre-Health Advising (for students who are interested in pursuing medicine or other health-related fields)],A01202091,Larsen Darren,Geology,3,
A01207296,Rich Kathy,[Biochemistry   Biology   Chemistry],[Pre-Health Advising (for students who are interested in pursuing medicine or other health-related fields)],A00485233,Rusmore Margaret,Geology,13,
A01208185,Irwin Allison,[Critical Theory & Social Justice   Sociology],[Computer Science Minor   Environmental Science Concentration (Biology or Geology)   Gender   Women   and Sexuality Studies Minor   Linguistics Minor],A00485818,Sousa Lisa,History,7,
A01210606,Cummings Chandler,[History   Media Arts & Culture],[Environmental Science Concentration (Biology or Geology)   Gender   Women   and Sexuality Studies Minor],A00485252,Saint-Aubin Arthur,Spanish and French Studies,3,
A01210888,Gilbert Lamar,[Philosophy   Politics   Sociology],[Neuroscience Minor],A00485183,Homiak Marcia,Philosophy,1,
A01209673,Fischer Eliza,[Cognitive Science   Group Language   Urban & Environmental Policy],[Gender   Women   and Sexuality Studies Minor   Linguistics Minor   Public Health Minor],A01191104,Schoenberg Adam,Music,10,
A01212074,Hurley Luka,[Economics   English],[Interdisciplinary Writing Minor],A00423982,Matsuoka Martha,Urban/Environmental Policy,17,
A01211078,Roach Braden,[Biochemistry   Biology   Economics],[3/2 Engineering Program (with CalTech or Columbia)   Computer Science Minor   Neuroscience Minor   Pre-Health Advising (for students who are interested in pursuing medicine or other health-related fields)   Public Health Minor],A00485223,Craney Chris,Chemistry,13,
A01213049,Velasquez Adam,[Economics   Psychology   Spanish],[],A01191102,Mora Jesse,Economics,11,
A01213857,Cameron Julissa,[Art & Art History   Diplomacy & World Affairs   Urban & Environmental Policy],[Environmental Science Concentration (Biology or Geology)   Interdisciplinary Writing Minor   Pre-Law Advising   Public Health Minor],A00485201,Wright Dale,Religious Studies,1,
A01206755,Ford Sienna,[Cognitive Science   Media Arts & Culture   Theater],[Interdisciplinary Writing Minor],A00484965,Naylor D. Keith,Religious Studies,8,
A01212581,Donaldson Maribel,[Media Arts & Culture   Psychology],[Gender   Women   and Sexuality Studies Minor],A00485234,Sadd James,Geology,6,
A01209549,Odom Joey,[Diplomacy & World Affairs   History   Psychology],[],A00519149,Prebel Julie,Writing and Rhetoric,8,
A01210714,Cherry Houston,[Economics   Psychology   Urban & Environmental Policy],[Linguistics Minor],A00791976,Chiou Lesley,Economics,11,
A01211038,Cantrell Audrey,[Diplomacy & World Affairs   Politics   Theater],[Environmental Science Concentration (Biology or Geology)   German Minor   Linguistics Minor   Pre-Law Advising],A00484955,Frank Eric,Art and Art History,8,
A01211598,Evans Elisha,[Diplomacy & World Affairs   Politics   Urban & Environmental Policy],[Pre-Law Advising],A01034816,Levitan Carmel,Cognitive Science,14,
A01212158,Gill Trevor,[Psychology   Sociology],[Gender   Women   and Sexuality Studies Minor],A00485243,Schell Anne,Psychology,1,
A01210571,Barnes Jazlene,[Diplomacy & World Affairs   History   Politics],[Computer Science Minor   Pre-Law Advising],A01183148,Moses Kelema,Art and Art History,3,
A01210443,Reyes Maddison,[Biochemistry   Biology],[3/2 Engineering Program (with CalTech or Columbia)   Environmental Science Concentration (Biology or Geology)   Pre-Health Advising (for students who are interested in pursuing medicine or other health-related fields)   Public Health Minor],A00485241,Chi Tsung,Politics,14,
A01206880,Moore Laylah,[Cognitive Science   Mathematics   Theater],[3/2 Engineering Program (with CalTech or Columbia)   Classical Studies Minor   Computer Science Minor   Interdisciplinary Writing Minor   Neuroscience Minor],A01182471,Sherman Aleksandra,Cognitive Science,17,
A01206593,Cline Ali,[Comparative Studies in Literature & Culture   English   Psychology],[3/2 Engineering Program (with CalTech or Columbia)   Education Minor   Pre-Law Advising],A00485804,Snowden-Ifft Daniel,Physics,8,
A01206815,Wilkinson Rowan,[Mathematics   Physics],[3/2 Engineering Program (with CalTech or Columbia)   Neuroscience Minor   Pre-Law Advising],A00485134,Lengyel Tamas,Mathematics,14,
A01206768,Johns Gunnar,[Critical Theory & Social Justice   Media Arts & Culture   Sociology],[Gender   Women   and Sexuality Studies Minor],A01074611,Miller Jeffrey,Computer Science,9,
A01208015,Schultz Deven,[Sociology],[German Minor],A00510957,Littlejohn Krystale,Sociology,9,
A01207032,Hines Angel,[Undecided   Kinesiology   Spanish],[Environmental Science Concentration (Biology or Geology)   Linguistics Minor],A00485244,Schmiedeshoff George,Physics,10,
A01206830,Watson Elisabeth,[Economics   Philosophy   Politics],[],A00960902,Wandschneider Kirsten,Economics,28,
A01210150,Oneal Mathias,[Critical Theory & Social Justice   Diplomacy & World Affairs],[Pre-Law Advising],A00485196,Guillen Felisa,Spanish and French Studies,3,
A01212653,Robertson Gael,[Media Arts & Culture   Music   Theater],[Gender   Women   and Sexuality Studies Minor],A00485252,Saint-Aubin Arthur,Spanish and French Studies,3,
A01209752,Wolfe Jonathan,[Critical Theory & Social Justice   Diplomacy & World Affairs   Urban & Environmental Policy],[Environmental Science Concentration (Biology or Geology)],A00772084,Fox Broderick,Media Arts and Culture,16,
A01212023,Richards Mireya,[Kinesiology   Psychology],[Pre-Health Advising (for students who are interested in pursuing medicine or other health-related fields)],A00485138,Lopez Adelaida,Spanish and French Studies,10,
A01207686,Walters Damien,[Art & Art History   English   Philosophy],[Interdisciplinary Writing Minor],A00485263,Ellis Robert,Spanish and French Studies,11,
A01208384,Mendez Rayne,[Undecided   Cognitive Science   Politics],[Computer Science Minor   Neuroscience Minor   Pre-Law Advising],A01075265,Freas Debra,Comparative Studies/Lit & Cult,10,
A01213927,Petersen Zariah,[Diplomacy & World Affairs   Philosophy   Politics],[Gender   Women   and Sexuality Studies Minor   Interdisciplinary Writing Minor   Pre-Law Advising],A00485183,Homiak Marcia,Philosophy,1,
A01209968,Solomon Anya,[Biology   Diplomacy & World Affairs   History],[Linguistics Minor   Pre-Health Advising (for students who are interested in pursuing medicine or other health-related fields)],A00519136,Baran Renee,Biology,16,
A01207275,Le Bo,[Biology   Media Arts & Culture   Music],[Environmental Science Concentration (Biology or Geology)   Interdisciplinary Writing Minor   Pre-Health Advising (for students who are interested in pursuing medicine or other health-related fields)],A00911661,Goffredi Shana,Biology,12,
A01208580,Mcmahon Jaelyn,[East Asian Studies   Psychology   Urban & Environmental Policy],[Education Minor],A00425336,Moazzam-Doulat Malek,Religious Studies,2,
A01206864,Gibson Jamiya,[Critical Theory & Social Justice   Diplomacy & World Affairs   Sociology],[],A00930654,Upson-Saia Kristi,Religious Studies,13,
A01208690,Booker Selena,[Biology   Cognitive Science   Politics],[Environmental Science Concentration (Biology or Geology)   Neuroscience Minor   Pre-Health Advising (for students who are interested in pursuing medicine or other health-related fields)   Pre-Law Advising   Public Health Minor],A00485203,Wyatt Jean,English,7,
A01208879,Li Jayla,[Biology   Sociology],[Gender   Women   and Sexuality Studies Minor   Pre-Health Advising (for students who are interested in pursuing medicine or other health-related fields)   Public Health Minor],A00484983,Pollock Roberta,Biology,19,
A01179790,Bryant Mariela,[Chemistry   Mathematics],[Pre-Health Advising (for students who are interested in pursuing medicine or other health-related fields)],A00907065,Udit Andrew,Chemistry,10,
A01212165,Larson Lyric,[Economics   Mathematics],[3/2 Engineering Program (with CalTech or Columbia)   Computer Science Minor],A00991128,Kasunic David,Music,17,
A01210539,Conrad Santino,[Undecided],[3/2 Engineering Program (with CalTech or Columbia)   Environmental Science Concentration (Biology or Geology)],A00486431,Lyford Amy,Art and Art History,8,
A01210511,Boyer Cherish,[Economics   Media Arts & Culture   Psychology],[],A00485201,Wright Dale,Religious Studies,1,
A01211115,Gonzales Dane,[Economics   Media Arts & Culture   Urban & Environmental Policy],[3/2 Engineering Program (with CalTech or Columbia)   Pre-Law Advising],A01071452,Djerdjian Daron,Economics,14,
A01208780,Sanders Skyler,[Diplomacy & World Affairs   English   Politics],[Pre-Law Advising],A00485121,Lyke Linda,Art and Art History,9,
A01209660,Pacheco Kaya,[Diplomacy & World Affairs   Economics   Sociology],[Pre-Law Advising],A00772084,Fox Broderick,Media Arts and Culture,16,
A01206315,Hodge Hudson,[English   Psychology],[Gender   Women   and Sexuality Studies Minor   Interdisciplinary Writing Minor],A00945970,Neti Leila,English,11,
A01210857,Burton Sylvia,[Undecided],[],A00485241,Chi Tsung,Politics,14,
A01193420,Schneider Dominik,[Biology   Critical Theory & Social Justice   Psychology],[Neuroscience Minor   Public Health Minor],A01106254,McCormack John,Biology,11,
A01211341,Lopez Erik,[Economics   Kinesiology   Mathematics],[3/2 Engineering Program (with CalTech or Columbia)   Computer Science Minor],A01191102,Mora Jesse,Economics,11,
A01206788,Warner Broderick,[Theater],[],A01173858,Kozinn Sarah,Theater,9,
A01210580,Brewer Armando,[Critical Theory & Social Justice   Diplomacy & World Affairs   Media Arts & Culture],[Interdisciplinary Writing Minor   Pre-Law Advising],A00485138,Lopez Adelaida,Spanish and French Studies,10,
A01208213,Jacobson Leilani,[Critical Theory & Social Justice   Politics   Urban & Environmental Policy],[Gender   Women   and Sexuality Studies Minor   Pre-Law Advising],A01168986,Day Alexander,History,10,
A01206857,Chang Hugh,[English   Media Arts & Culture   Psychology],[Education Minor],A00485251,Fineman Daniel,English,10,
A01208681,Obrien Kaeden,[Economics],[],A00485220,Studenmund A. Harwood,Economics,1,
A01209336,Hamilton Camryn,[Undecided   Cognitive Science   Media Arts & Culture],[],A00485235,Schramm Alec,Physics,3,
A01208954,Valdez Cheyanne,[History],[],A00485129,Horowitz Maryanne,History,9,
A01209537,Berg Gina,[Biology   Cognitive Science],[Neuroscience Minor],A00485224,Stone Marla,History,3,
A01208940,Shepard Mylie,[Undecided   Diplomacy & World Affairs   Philosophy],[Gender   Women   and Sexuality Studies Minor   Interdisciplinary Writing Minor],A00484977,Newhall Eric,English,6,
A01195008,Malone Marquis,[Biology   Comparative Studies in Literature & Culture   Diplomacy & World Affairs],[3/2 Engineering Program (with CalTech or Columbia)   Classical Studies Minor   Neuroscience Minor],A01193444,Oze Christopher,Geology,11,
A01206310,Jenkins Mathew,[Kinesiology],[Education Minor],A00484974,Mehl Lynn,Kinesiology,8,
A01208221,Franklin Tristan,[Biology   Diplomacy & World Affairs   Kinesiology],[Pre-Health Advising (for students who are interested in pursuing medicine or other health-related fields)   Public Health Minor],A00661947,Schulz Joseph,Biology,8,
A00664108,Burns Reina,[Kinesiology],[],A00416264,George Roger,Politics,1,
A01213925,Kaiser Cristal,[Art & Art History   Biochemistry   French],[Interdisciplinary Writing Minor],A01064180,Elsayed Hanan,Spanish and French Studies,7,
A01212433,Zamora Abbigail,[Economics   Kinesiology   Psychology],[3/2 Engineering Program (with CalTech or Columbia)   Computer Science Minor   Neuroscience Minor],A01130100,Jalil Andrew,Economics,14,
A01213383,Owen Charlie,[Undecided   Biology   Politics],[Environmental Science Concentration (Biology or Geology)   Pre-Health Advising (for students who are interested in pursuing medicine or other health-related fields)],A00982629,Lang John,Sociology,5,
A01211422,Bruce Rocco,[Biochemistry   Kinesiology   Physics],[3/2 Engineering Program (with CalTech or Columbia)],A00485267,Bouchard John,Theater,5,
A01212617,Castaneda Luna,[Economics   Kinesiology   Mathematics],[Computer Science Minor],A01202092,Ball Erica,American Studies,1,
A01197401,Solis Lacey,[Biochemistry   Biology],[Neuroscience Minor   Pre-Health Advising (for students who are interested in pursuing medicine or other health-related fields)   Public Health Minor],A00425336,Moazzam-Doulat Malek,Religious Studies,2,
A01208572,Ewing Blake,[Diplomacy & World Affairs   Economics   Urban & Environmental Policy],[Pre-Law Advising],A01075265,Freas Debra,Comparative Studies/Lit & Cult,10,
A01211380,George Devon,[Chinese   Diplomacy & World Affairs   Group Language],[],A00485224,Stone Marla,History,3,
A01211563,Mcgrath Tyrese,[Biology   Urban & Environmental Policy],[3/2 Engineering Program (with CalTech or Columbia)   Environmental Science Concentration (Biology or Geology)],A00485223,Craney Chris,Chemistry,13,
A01199476,Floyd Deegan,[French   Mathematics],[],A00992021,Lorenz Shanna,Music,6,
A01212342,Webb Carla,[Japanese   Sociology   Theater],[Education Minor   Linguistics Minor],A01193779,Cortes Juvenal,Diplomacy and World Affairs,8,
A01207466,Jefferson Matilda,[Undecided   Diplomacy & World Affairs   Urban & Environmental Policy],[3/2 Engineering Program (with CalTech or Columbia)   Gender   Women   and Sexuality Studies Minor   Neuroscience Minor   Public Health Minor],A00486090,Naimi Ramin,Mathematics,8,
A01213931,Stark Brogan,[Undecided   Psychology   Sociology],[Gender   Women   and Sexuality Studies Minor],A00428465,Raney Marcella,Kinesiology,19,
A01211717,Gibbs Kathryn,[Diplomacy & World Affairs   Spanish],[Pre-Law Advising],A01040527,Tahani-Madain Amy,English,1,
A01206664,Coleman Karson,[Biology   Cognitive Science   Psychology],[Neuroscience Minor],A00485831,North Gretchen,Biology,13,
A01210377,Sanford Bryan,[Critical Theory & Social Justice   Economics   Politics],[Gender   Women   and Sexuality Studies Minor   Pre-Law Advising],A00930654,Upson-Saia Kristi,Religious Studies,13,
A01208928,Ball Yael,[Biochemistry   Mathematics   Media Arts & Culture],[3/2 Engineering Program (with CalTech or Columbia)   Computer Science Minor   Environmental Science Concentration (Biology or Geology)],A01173858,Kozinn Sarah,Theater,9,
A01210706,Bradley Bronson,[Psychology],[Education Minor],A00485279,Dess Nancy,Psychology,13,
A01206693,Mckee Bradyn,[Art & Art History   Biology   Japanese],[Classical Studies Minor],A00485660,Freer Regina,Politics,15,
A01208128,Levy Mayra,[Art & Art History   Critical Theory & Social Justice   Sociology],[],A01040527,Tahani-Madain Amy,English,1,
A01198546,Oneill Kinley,[Cognitive Science   Geology   Psychology],[3/2 Engineering Program (with CalTech or Columbia)   Classical Studies Minor   Environmental Science Concentration (Biology or Geology)   Neuroscience Minor],A00485135,Linden Diana,Cognitive Science,4,
A01208028,Kim Stephen,[Cognitive Science   Psychology   Sociology],[Gender   Women   and Sexuality Studies Minor   Linguistics Minor   Neuroscience Minor   Pre-Health Advising (for students who are interested in pursuing medicine or other health-related fields)],A01075265,Freas Debra,Comparative Studies/Lit & Cult,10,
A01212379,Woodard Ivan,[Undecided   Biology   Chemistry],[3/2 Engineering Program (with CalTech or Columbia)   Environmental Science Concentration (Biology or Geology)   Pre-Health Advising (for students who are interested in pursuing medicine or other health-related fields)],A01064181,Morrissey Clair,Philosophy,18,
A01208653,Vaughn Zechariah,[Biochemistry   Kinesiology],[Neuroscience Minor   Pre-Health Advising (for students who are interested in pursuing medicine or other health-related fields)   Public Health Minor],A00907065,Udit Andrew,Chemistry,10,
A01210974,Sherman Cason,[Diplomacy & World Affairs   Group Language   Theater],[3/2 Engineering Program (with CalTech or Columbia)   Pre-Law Advising],A01101696,Sabo William,Philosophy,6,
A01206730,Meyers Roy,[Comparative Studies in Literature & Culture   Politics   Spanish],[Environmental Science Concentration (Biology or Geology)],A01193779,Cortes Juvenal,Diplomacy and World Affairs,8,
A01211497,Logan Porter,[Diplomacy & World Affairs   Economics   Music],[Pre-Law Advising],A00485190,Gratch Susan,Theater,9,
A01211257,Gillespie Oswaldo,[Psychology],[Neuroscience Minor],A00485661,Hopmeyer Andrea,Psychology,21,
A01210439,Sosa Viviana,[Biology   Geology   Urban & Environmental Policy],[Environmental Science Concentration (Biology or Geology)   Interdisciplinary Writing Minor],A00911661,Goffredi Shana,Biology,12,
A01199808,Yates Paola,[Economics   Philosophy   Politics],[Pre-Law Advising],A00485220,Studenmund A. Harwood,Economics,1,
A01210107,Montoya Payton,[Kinesiology   Psychology],[Neuroscience Minor   Pre-Health Advising (for students who are interested in pursuing medicine or other health-related fields)],A00485206,Tinberg Nalsey,Mathematics,14,
A01211528,Sullivan Ernesto,[Biology   Diplomacy & World Affairs   Media Arts & Culture],[Pre-Health Advising (for students who are interested in pursuing medicine or other health-related fields)   Pre-Law Advising   Public Health Minor],A00492944,Christianakis Mary,Critical Theory/Social Justice,10,
A01209426,Mann Aniya,[Psychology],[],A00968156,Shtulman Andrew,Psychology,14,
A01210419,Doyle Travis,[Biochemistry   Biology   Chemistry],[Pre-Health Advising (for students who are interested in pursuing medicine or other health-related fields)],A00484968,Martin Gary,Biology,8,
A01206809,Horne Paxton,[Critical Theory & Social Justice   Diplomacy & World Affairs   Urban & Environmental Policy],[Classical Studies Minor   Gender   Women   and Sexuality Studies Minor   Linguistics Minor   Public Health Minor],A00485256,Gelbart Nina,History,4,
A01211245,Mills Mckinley,[Diplomacy & World Affairs   English   Politics],[Pre-Law Advising],A01191101,Li Ning Hui,Computer Science,14,
A01208330,Mccann Ruben,[Biology   Kinesiology   Psychology],[Education Minor   Neuroscience Minor   Pre-Health Advising (for students who are interested in pursuing medicine or other health-related fields)],A00661947,Schulz Joseph,Biology,8,
A01213076,Bridges Eden,[Art & Art History   Media Arts & Culture],[],A01068282,de Fren Allison,Media Arts and Culture,12,
A01206665,Arias Miranda,[Chemistry   Mathematics],[3/2 Engineering Program (with CalTech or Columbia)   Neuroscience Minor   Pre-Health Advising (for students who are interested in pursuing medicine or other health-related fields)],A00485223,Craney Chris,Chemistry,13,
A01208684,Long Jaelynn,[History   Mathematics   Sociology],[3/2 Engineering Program (with CalTech or Columbia)   Computer Science Minor],A01182533,Hong Jane,History,7,
A01212473,Gilmore Aron,[Diplomacy & World Affairs   East Asian Studies   Politics],[Interdisciplinary Writing Minor   Pre-Law Advising],A00485208,Traiger Saul,Philosophy,2,
A01209283,Gonzalez Hamza,[Biology   History   Psychology],[Gender   Women   and Sexuality Studies Minor],A00484968,Martin Gary,Biology,8,
A01209095,Cross Riya,[East Asian Studies   Japanese   Mathematics],[Education Minor],A00485280,Dreier Peter,Urban/Environmental Policy,14,
A01194115,Riggs Talia,[Diplomacy & World Affairs   Politics   Urban & Environmental Policy],[Computer Science Minor],A01101297,Shamasunder Bhavna,Urban/Environmental Policy,27,
A01206774,Ho Hadassah,[Mathematics   Physics   Spanish],[Interdisciplinary Writing Minor],A00485134,Lengyel Tamas,Mathematics,14,
A01209319,Hardin Alanna,[Economics   Kinesiology],[Pre-Health Advising (for students who are interested in pursuing medicine or other health-related fields)   Public Health Minor],A01063168,Lehr Brandon,Economics,27,
A01210208,Cannon Jordan,[Media Arts & Culture   Theater],[Gender   Women   and Sexuality Studies Minor   Public Health Minor],A00485122,Maeda Donna,Critical Theory/Social Justice,7,
A01206637,Ruiz Kamila,[Undecided   Biology],[Pre-Health Advising (for students who are interested in pursuing medicine or other health-related fields)],A00485238,Besemer Linda,Art and Art History,11,
A01211702,Rogers Zachery,[Geology   Physics   Urban & Environmental Policy],[],A00485234,Sadd James,Geology,6,
A01207669,Patton Riley,[Mathematics   Music],[Linguistics Minor],A00487485,Lawrence Donald,Mathematics,5,
A01206875,Branch Rishi,[Economics   Mathematics   Physics],[3/2 Engineering Program (with CalTech or Columbia)   Computer Science Minor   Pre-Law Advising   Public Health Minor],A01191102,Mora Jesse,Economics,11,
A01212774,Strong Andrew,[Media Arts & Culture],[],A01068282,de Fren Allison,Media Arts and Culture,12,
A01206706,Dodson Harper,[Psychology],[Linguistics Minor   Neuroscience Minor],A00484951,Chapman Clinton,Psychology,4,
A01199301,Kirk Tia,[Diplomacy & World Affairs   Urban & Environmental Policy],[Environmental Science Concentration (Biology or Geology)   Pre-Health Advising (for students who are interested in pursuing medicine or other health-related fields)   Pre-Law Advising   Public Health Minor],A00485213,Shearer Derek,Diplomacy and World Affairs,9,
A01207021,Bentley Alice,[Diplomacy & World Affairs   Politics],[Pre-Law Advising],A00416264,George Roger,Politics,1,
A01208897,Townsend Piper,[Biology   Religious Studies   Theater],[Pre-Law Advising],A00484968,Martin Gary,Biology,8,
A01207938,Myers Byron,[Undecided],[3/2 Engineering Program (with CalTech or Columbia)   Computer Science Minor   Environmental Science Concentration (Biology or Geology)],A00992021,Lorenz Shanna,Music,6,
A01208279,Aguirre Zion,[Biochemistry   Biology   Chemistry],[Pre-Health Advising (for students who are interested in pursuing medicine or other health-related fields)],A00945970,Neti Leila,English,11,
A01207663,Michael Max,[Art & Art History   Critical Theory & Social Justice   Media Arts & Culture],[Gender   Women   and Sexuality Studies Minor   Interdisciplinary Writing Minor],A01034818,Lukes Heather,Critical Theory/Social Justice,7,
A01213138,Matthews Demarion,[Undecided   Media Arts & Culture   Psychology],[Education Minor],A01183184,Daigle Gerald,Mathematics,15,
A01212200,Nixon Glenn,[Cognitive Science   Diplomacy & World Affairs   Politics],[Linguistics Minor   Pre-Law Advising],A00939877,Heldman Caroline,Politics,13,
A01208890,Spencer Maritza,[Critical Theory & Social Justice   Psychology   Sociology],[Gender   Women   and Sexuality Studies Minor   Public Health Minor],A00485192,Grayson Susan,Spanish and French Studies,10,
A01206686,Garrison Nash,[Critical Theory & Social Justice   Diplomacy & World Affairs   Psychology],[Neuroscience Minor   Pre-Health Advising (for students who are interested in pursuing medicine or other health-related fields)   Pre-Law Advising   Public Health Minor],A00485122,Maeda Donna,Critical Theory/Social Justice,7,
A01209072,Vincent Lizeth,[Biology   Cognitive Science   Psychology],[Gender   Women   and Sexuality Studies Minor   Neuroscience Minor   Pre-Health Advising (for students who are interested in pursuing medicine or other health-related fields)],A00494643,Heffernan Mary Beth,Art and Art History,8,
A01209488,Barrett Desirae,[Cognitive Science   Media Arts & Culture   Psychology],[3/2 Engineering Program (with CalTech or Columbia)   Computer Science Minor],A00485524,Richmond Walter,Comparative Studies/Lit & Cult,3,
A01210331,Baldwin Leonard,[Diplomacy & World Affairs   Politics   Spanish],[Pre-Law Advising],A00485121,Lyke Linda,Art and Art History,9,
A01196348,Meadows Reagan,[Comparative Studies in Literature & Culture   English   Politics],[],A00484951,Chapman Clinton,Psychology,4,
A01212674,Ramirez Kash,[Cognitive Science   Kinesiology],[Neuroscience Minor   Pre-Health Advising (for students who are interested in pursuing medicine or other health-related fields)],A01182471,Sherman Aleksandra,Cognitive Science,17,
A01209396,Mcclain Jayce,[Chemistry   Physics   Spanish],[3/2 Engineering Program (with CalTech or Columbia)],A00485276,Bogue Scott,Geology,9,
A01209808,Underwood Ana,[English   Theater],[Education Minor],A01193414,Lerner Ross,English,9,
A01211351,Gallagher Taniyah,[Kinesiology],[Neuroscience Minor   Pre-Health Advising (for students who are interested in pursuing medicine or other health-related fields)],A01193444,Oze Christopher,Geology,11,
A01208763,Browning Cassie,[Biology   Diplomacy & World Affairs],[Gender   Women   and Sexuality Studies Minor   Neuroscience Minor   Pre-Health Advising (for students who are interested in pursuing medicine or other health-related fields)],A01202091,Larsen Darren,Geology,3,
A01211736,Walsh Cohen,[Chemistry   Music],[],A01101696,Sabo William,Philosophy,6,
A01206929,Weiss Barbara,[Art & Art History   Japanese   Media Arts & Culture],[Computer Science Minor   Gender   Women   and Sexuality Studies Minor],A00485208,Traiger Saul,Philosophy,2,
A01206795,Novak Cloe,[Economics   Kinesiology],[Pre-Health Advising (for students who are interested in pursuing medicine or other health-related fields)],A01064181,Morrissey Clair,Philosophy,18,
A01208650,Rowland Allan,[Economics],[Computer Science Minor],A00791976,Chiou Lesley,Economics,11,
A01209871,Farley Caden,[Critical Theory & Social Justice   Diplomacy & World Affairs   Urban & Environmental Policy],[Environmental Science Concentration (Biology or Geology)   Pre-Health Advising (for students who are interested in pursuing medicine or other health-related fields)   Public Health Minor],A00510857,Cannon Jeffrey,Chemistry,12,
A01211800,Curry Leonidas,[Japanese   Mathematics   Psychology],[Linguistics Minor],A00485251,Fineman Daniel,English,10,
A01206805,Ryan Tania,[Undecided   Media Arts & Culture   Urban & Environmental Policy],[Environmental Science Concentration (Biology or Geology)   Gender   Women   and Sexuality Studies Minor   Neuroscience Minor],A00669452,Nersissian Aram,Chemistry,9,
A01206282,Stanley Jaden,[Politics   Spanish   Urban & Environmental Policy],[Environmental Science Concentration (Biology or Geology)   Pre-Law Advising],A01030514,Gonzalez Thalia,Politics,4,
A01208819,Fletcher Emery,[Economics   History   Politics],[Computer Science Minor   Linguistics Minor   Pre-Law Advising],A01071452,Djerdjian Daron,Economics,14,
A01210720,Henderson Cole,[Biology   Chemistry   Cognitive Science],[Education Minor   Environmental Science Concentration (Biology or Geology)   Linguistics Minor   Neuroscience Minor   Pre-Health Advising (for students who are interested in pursuing medicine or other health-related fields)],A00986019,Scheel Janet,Physics,18,
A01213324,Atkinson Clay,[Critical Theory & Social Justice   Physics   Urban & Environmental Policy],[3/2 Engineering Program (with CalTech or Columbia)   Education Minor   Environmental Science Concentration (Biology or Geology)],A01030514,Gonzalez Thalia,Politics,4,
A01207884,Daniels Willow,[Biochemistry   Biology   Chemistry],[Education Minor   Pre-Health Advising (for students who are interested in pursuing medicine or other health-related fields)],A00792719,Chu Lan,Diplomacy and World Affairs,25,
A01210615,Mcneil Daniela,[Undecided],[Computer Science Minor],A00485660,Freer Regina,Politics,15,
A01213484,Berry Darien,[Biology   Cognitive Science   Psychology],[Environmental Science Concentration (Biology or Geology)   Gender   Women   and Sexuality Studies Minor   Pre-Health Advising (for students who are interested in pursuing medicine or other health-related fields)   Public Health Minor],A01138146,Zellmer McCormack Amanda,Biology,11,
A01209872,Peck Ada,[Economics   Media Arts & Culture   Politics],[Interdisciplinary Writing Minor],A00485263,Ellis Robert,Spanish and French Studies,11,
A01206586,Bowman Bria,[Economics   History],[Pre-Law Advising],A01064180,Elsayed Hanan,Spanish and French Studies,7,
A01210500,Decker Abbie,[Kinesiology   Mathematics   Physics],[3/2 Engineering Program (with CalTech or Columbia)],A01168626,Mithlo Nancy Marie,Art and Art History,2,
A01206826,Yu Marlie,[Art & Art History   Economics],[],A00505044,Chase Anthony,Diplomacy and World Affairs,17,
A01213046,Bernard Darian,[Economics],[Environmental Science Concentration (Biology or Geology)],A00485138,Lopez Adelaida,Spanish and French Studies,10,
A01211432,Pace Alden,[Critical Theory & Social Justice   Latino/a and Latin American Studies   Politics],[Gender   Women   and Sexuality Studies Minor   Pre-Law Advising],A00485132,Knoerr Alan,Mathematics,2,
A01206411,Chavez Aliyah,[Biology   Psychology   Theater],[Interdisciplinary Writing Minor   Neuroscience Minor   Pre-Health Advising (for students who are interested in pursuing medicine or other health-related fields)],A00485038,Pondella Daniel,Biology,12,
A01208607,Castro Allie,[Cognitive Science   Comparative Studies in Literature & Culture   Religious Studies],[Linguistics Minor],A00485591,Trevizo Dolores,Sociology,1,
A01206406,Murillo Raphael,[Biology   Diplomacy & World Affairs   English],[Interdisciplinary Writing Minor   Linguistics Minor   Pre-Health Advising (for students who are interested in pursuing medicine or other health-related fields)],A01106254,McCormack John,Biology,11,
A01206387,Velez Karlie,[Biochemistry],[Pre-Health Advising (for students who are interested in pursuing medicine or other health-related fields)],A01174404,Lal Nishu,Mathematics,3,
A01207429,Fuller Zayden,[Biology   Politics   Psychology],[Pre-Health Advising (for students who are interested in pursuing medicine or other health-related fields)],A00792376,Thompson Kerry,Biology,4,
A01206887,Ramos Brice,[Art & Art History   Japanese   Psychology],[],A00485591,Trevizo Dolores,Sociology,1,
A01207710,Weeks Roger,[Biology],[Environmental Science Concentration (Biology or Geology)],A00484983,Pollock Roberta,Biology,19,
A01208198,Stone Livia,[Politics   Psychology],[Education Minor],A01168022,Piscopo Jennifer,Politics,1,
A01209854,Campos Amiya,[Undecided   Critical Theory & Social Justice   English],[Gender   Women   and Sexuality Studies Minor   Pre-Law Advising],A00930654,Upson-Saia Kristi,Religious Studies,13,
A01209685,Hawkins Joseph,[Diplomacy & World Affairs   Economics   Politics],[3/2 Engineering Program (with CalTech or Columbia)],A00485661,Hopmeyer Andrea,Psychology,21,
A01208323,Wallace Branden,[Undecided   History   Physics],[3/2 Engineering Program (with CalTech or Columbia)],A00485042,Lasater-Munson Linda,Chemistry,19,
A01211222,Padilla Tess,[Media Arts & Culture   Psychology   Sociology],[Education Minor],A00485223,Craney Chris,Chemistry,13,
A01206732,Romero Zoe,[Spanish   Urban & Environmental Policy],[Linguistics Minor],A00485203,Wyatt Jean,English,7,
A01210341,Parrish Kyleigh,[Critical Theory & Social Justice   Psychology   Urban & Environmental Policy],[Gender   Women   and Sexuality Studies Minor],A00986019,Scheel Janet,Physics,18,
A01206846,Vang Martha,[Mathematics   Physics   Politics],[3/2 Engineering Program (with CalTech or Columbia)],A01174404,Lal Nishu,Mathematics,3,
A01194687,Schwartz Abdiel,[Biochemistry   Diplomacy & World Affairs   Theater],[Gender   Women   and Sexuality Studies Minor   Linguistics Minor],A01183148,Moses Kelema,Art and Art History,3,
A01213350,Griffith Connor,[Art & Art History   Economics   Psychology],[],A00485203,Wyatt Jean,English,7,
A01206760,Ballard Paityn,[American Studies   Art & Art History   Critical Theory & Social Justice],[],A01202491,Baker Courtney,American Studies,2,
A01211303,Bowen Jamarcus,[English   Media Arts & Culture],[Gender   Women   and Sexuality Studies Minor   Interdisciplinary Writing Minor],A01191840,Parks Virginia,Urban/Environmental Policy,10,
A01199009,Snyder Kaleigh,[Cognitive Science   Theater],[Neuroscience Minor],A00485208,Traiger Saul,Philosophy,2,
A01208988,Murphy Nathanael,[Cognitive Science   Politics   Psychology],[Gender   Women   and Sexuality Studies Minor   Neuroscience Minor],A00486091,Lin Jan,Sociology,2,
A01213887,Delgado Esteban,[English   French],[Interdisciplinary Writing Minor],A00484976,Montag Warren,English,13,
A01213904,Serrano Asia,[Biochemistry   Biology],[3/2 Engineering Program (with CalTech or Columbia)   Environmental Science Concentration (Biology or Geology)   Pre-Health Advising (for students who are interested in pursuing medicine or other health-related fields)   Public Health Minor],A00485239,Boesche Roger,Politics,1,
A01209418,Cain Teresa,[Undecided   Diplomacy & World Affairs   Politics],[Computer Science Minor   Linguistics Minor   Pre-Law Advising],A00485206,Tinberg Nalsey,Mathematics,14,
A01209920,Singh Ashly,[Economics   English   Psychology],[Pre-Law Advising],A00791976,Chiou Lesley,Economics,11,
A01210303,Turner Abagail,[Economics   Media Arts & Culture   Theater],[3/2 Engineering Program (with CalTech or Columbia)   Computer Science Minor   Linguistics Minor   Pre-Health Advising (for students who are interested in pursuing medicine or other health-related fields)],A01174017,Umanskaya Victoria,Economics,17,
A01206371,Gaines Gerald,[Cognitive Science   Media Arts & Culture   Psychology],[Computer Science Minor   Neuroscience Minor],A00485135,Linden Diana,Cognitive Science,4,
A01210624,Compton Cordell,[Critical Theory & Social Justice   English   Spanish],[Education Minor   Gender   Women   and Sexuality Studies Minor],A00485235,Schramm Alec,Physics,3,
A01206613,Mora Amber,[English   Psychology],[Pre-Health Advising (for students who are interested in pursuing medicine or other health-related fields)],A01071507,Ford James,English,12,
A01208866,Morrison Kolten,[Biology   Kinesiology   Psychology],[Pre-Health Advising (for students who are interested in pursuing medicine or other health-related fields)   Public Health Minor],A00661947,Schulz Joseph,Biology,8,
A01207262,Spears Lexi,[Diplomacy & World Affairs   Economics],[],A00485205,Yin Xiao-huang,American Studies,9,
A01206873,Bowers Khalil,[Kinesiology   Media Arts & Culture   Psychology],[Neuroscience Minor   Pre-Health Advising (for students who are interested in pursuing medicine or other health-related fields)   Pre-Law Advising],A00492944,Christianakis Mary,Critical Theory/Social Justice,10,
A01208046,Holt Yasmine,[Politics],[Pre-Law Advising],A00792719,Chu Lan,Diplomacy and World Affairs,25,
A01211101,Roberts Konner,[Mathematics   Politics],[3/2 Engineering Program (with CalTech or Columbia)],A00432492,Sundberg Eric,Mathematics,6,
A01209731,Mullins Cindy,[Biochemistry   Biology   Physics],[3/2 Engineering Program (with CalTech or Columbia)   Neuroscience Minor   Pre-Health Advising (for students who are interested in pursuing medicine or other health-related fields)],A00485203,Wyatt Jean,English,7,
A01206807,Alvarado Colten,[Diplomacy & World Affairs   Geology   Spanish],[3/2 Engineering Program (with CalTech or Columbia)   Classical Studies Minor   Computer Science Minor   Environmental Science Concentration (Biology or Geology)   Linguistics Minor],A01191101,Li Ning Hui,Computer Science,14,
A01211318,Snow Eve,[Economics   Mathematics],[Computer Science Minor],A01191840,Parks Virginia,Urban/Environmental Policy,10,
A01210895,Bell Alana,[Mathematics   Physics],[3/2 Engineering Program (with CalTech or Columbia)   Computer Science Minor],A00485134,Lengyel Tamas,Mathematics,14,
A01212231,Waters Alyssa,[Kinesiology],[Neuroscience Minor   Pre-Health Advising (for students who are interested in pursuing medicine or other health-related fields)],A01193429,Roberts Christian,Kinesiology,3,
A01208372,Foster Tiffany,[Comparative Studies in Literature & Culture   Critical Theory & Social Justice   Theater],[Interdisciplinary Writing Minor],A00907065,Udit Andrew,Chemistry,10,
A01210739,Cochran Garrett,[Urban & Environmental Policy],[Environmental Science Concentration (Biology or Geology)],A00485206,Tinberg Nalsey,Mathematics,14,
A01208626,Villegas Janet,[History   Sociology   Spanish],[],A01182533,Hong Jane,History,7,
A01207335,Forbes Madeleine,[Biology],[Environmental Science Concentration (Biology or Geology)   Pre-Health Advising (for students who are interested in pursuing medicine or other health-related fields)   Public Health Minor],A00485233,Rusmore Margaret,Geology,13,
A01206368,Luna Reed,[Diplomacy & World Affairs   Politics   Urban & Environmental Policy],[Interdisciplinary Writing Minor   Pre-Law Advising],A01101297,Shamasunder Bhavna,Urban/Environmental Policy,27,
A01211047,Day Jarrett,[Diplomacy & World Affairs   Politics   Urban & Environmental Policy],[Education Minor   Pre-Law Advising],A01175178,Ear Sophal,Diplomacy and World Affairs,17,
A01210157,Chaney Urijah,[Biology],[3/2 Engineering Program (with CalTech or Columbia)],A00485238,Besemer Linda,Art and Art History,11,
A01198628,Hoffman Maurice,[Diplomacy & World Affairs   History],[Classical Studies Minor],A01181684,Basu Treena,Mathematics,7,
A01208624,Kaufman Annabelle,[Undecided   Economics   Politics],[Computer Science Minor   Pre-Law Advising],A00485260,Eggleston Dennis,Physics,8,
A01212140,Mata Rylee,[Cognitive Science   Psychology   Spanish],[Neuroscience Minor   Pre-Health Advising (for students who are interested in pursuing medicine or other health-related fields)   Public Health Minor],A01068282,de Fren Allison,Media Arts and Culture,12,
A01210654,Hood Parker,[Art & Art History   French   Media Arts & Culture],[],A00485226,Villa Raul,English,13,
A01208997,Lee Marley,[Cognitive Science   Philosophy   Psychology],[Environmental Science Concentration (Biology or Geology)   Linguistics Minor   Neuroscience Minor   Pre-Health Advising (for students who are interested in pursuing medicine or other health-related fields)   Public Health Minor],A00485135,Linden Diana,Cognitive Science,4,
A01209857,Barnett Eli,[Group Language   Japanese   Mathematics],[3/2 Engineering Program (with CalTech or Columbia)   Linguistics Minor],A00485257,Fernandez Salvador,Spanish and French Studies,11,
A01207199,Braun Jaime,[Diplomacy & World Affairs   Group Language   Politics],[Interdisciplinary Writing Minor   Pre-Law Advising],A00982629,Lang John,Sociology,5,
A01208203,Castillo Jamarion,[Music   Philosophy   Psychology],[Education Minor],A00486909,Girton Irene,Music,4,
A01207708,Boyle Greyson,[Undecided   Mathematics   Media Arts & Culture],[3/2 Engineering Program (with CalTech or Columbia)   Pre-Law Advising],A00792723,Hebert Laura,Diplomacy and World Affairs,14,
A01200702,Drake Harold,[Biology],[Pre-Health Advising (for students who are interested in pursuing medicine or other health-related fields)],A00485038,Pondella Daniel,Biology,12,
A01206885,Clarke Paulina,[Diplomacy & World Affairs   Economics   Mathematics],[3/2 Engineering Program (with CalTech or Columbia)   Computer Science Minor   Pre-Health Advising (for students who are interested in pursuing medicine or other health-related fields)   Pre-Law Advising   Public Health Minor],A01034818,Lukes Heather,Critical Theory/Social Justice,7,
A01210978,Oconnell Zack,[Undecided   Latino/a and Latin American Studies   Spanish],[Education Minor],A01168022,Piscopo Jennifer,Politics,1,
A01211309,Hoover Cooper,[Economics],[3/2 Engineering Program (with CalTech or Columbia)   Computer Science Minor   Neuroscience Minor   Pre-Law Advising],A01034818,Lukes Heather,Critical Theory/Social Justice,7,
A01210490,Francis Hannah,[Critical Theory & Social Justice   Politics   Sociology],[],A00991128,Kasunic David,Music,17,
A01195264,Faulkner Tucker,[Undecided   Biology   Politics],[Environmental Science Concentration (Biology or Geology)   Neuroscience Minor   Pre-Law Advising   Public Health Minor],A00423982,Matsuoka Martha,Urban/Environmental Policy,17,
A01206886,Dorsey Rodolfo,[Comparative Studies in Literature & Culture   Diplomacy & World Affairs   Media Arts & Culture],[Pre-Law Advising],A00485264,Ezaki Motoko,East Asian Languages/Cultures,7,
,Dillon Nataly,[Psychology   Sociology],[Interdisciplinary Writing Minor],A00931761,Kim Brian,Psychology,19,
A01211250,King Abdullah,[Media Arts & Culture],[Classical Studies Minor   Environmental Science Concentration (Biology or Geology)],A00485279,Dess Nancy,Psychology,13,
A01206804,Everett Lorena,[Economics],[Linguistics Minor],A00485220,Studenmund A. Harwood,Economics,1,
A01208032,Chung Vicente,[Critical Theory & Social Justice   Politics   Psychology],[Pre-Health Advising (for students who are interested in pursuing medicine or other health-related fields)   Pre-Law Advising   Public Health Minor],A00485625,Reddy Movindri,Diplomacy and World Affairs,15,
,Norman Molly,[Art & Art History   English   Psychology],[Interdisciplinary Writing Minor],A00484957,Solorzano Ronald,Education,7,
A01207803,Nelson Brenda,[Critical Theory & Social Justice   Diplomacy & World Affairs   Economics],[Classical Studies Minor   Neuroscience Minor   Pre-Law Advising],A00505044,Chase Anthony,Diplomacy and World Affairs,17,
A01194682,Martinez Paige,[Kinesiology],[Education Minor],A00428465,Raney Marcella,Kinesiology,19,
A01212963,Mason Morgan,[Undecided   Diplomacy & World Affairs   Economics],[Computer Science Minor   Pre-Health Advising (for students who are interested in pursuing medicine or other health-related fields)   Pre-Law Advising],A01071507,Ford James,English,12,
A01209576,Duke Dean,[Media Arts & Culture],[Gender   Women   and Sexuality Studies Minor],A00487471,Stocking Damian,Comparative Studies/Lit & Cult,22,
A01211297,Peters Kendal,[Biology],[Environmental Science Concentration (Biology or Geology)],A00485268,Braker H. Elizabeth,Biology,15,
A01210371,Dennis Lincoln,[English   Philosophy],[Classical Studies Minor],A00484976,Montag Warren,English,13,
A01207858,Rhodes Osvaldo,[Critical Theory & Social Justice   English   Politics],[Pre-Law Advising],A00486474,Blythe Ann,Geology,10,
A01206323,Morris Iyana,[East Asian Studies   Sociology   Spanish],[Education Minor   Gender   Women   and Sexuality Studies Minor],A00792723,Hebert Laura,Diplomacy and World Affairs,14,
A01206399,Park Franklin,[Undecided   Biology   Cognitive Science],[Neuroscience Minor   Pre-Health Advising (for students who are interested in pursuing medicine or other health-related fields)   Public Health Minor],A01104660,Laskin Ari,Media Arts and Culture,13,
A01210796,Dixon Jeffrey,[Latino/a and Latin American Studies],[],A00485121,Lyke Linda,Art and Art History,9,
A01209405,Nolan Rory,[Diplomacy & World Affairs   History   Politics],[Pre-Law Advising],A00960414,Shelton Michael,Spanish and French Studies,9,
A01207958,Ross Sandra,[Biology   Diplomacy & World Affairs   Kinesiology],[Environmental Science Concentration (Biology or Geology)   Neuroscience Minor   Pre-Health Advising (for students who are interested in pursuing medicine or other health-related fields)],A00912143,Schindelman Gary,Biology,11,
A01212099,Wang Felipe,[Biology   Psychology   Sociology],[Environmental Science Concentration (Biology or Geology)   Pre-Law Advising],A00485038,Pondella Daniel,Biology,12,
A01207015,Salazar Danny,[Media Arts & Culture   Music],[Interdisciplinary Writing Minor],A00423982,Matsuoka Martha,Urban/Environmental Policy,17,
A01211796,Valenzuela Arely,[Philosophy],[Computer Science Minor   Pre-Law Advising],A00485208,Traiger Saul,Philosophy,2,
A01208990,Ortiz Darnell,[Biochemistry   Biology   Chemistry],[3/2 Engineering Program (with CalTech or Columbia)   Neuroscience Minor],A00907065,Udit Andrew,Chemistry,10,
A01208142,Johnston Kaylyn,[Undecided   Physics   Politics],[3/2 Engineering Program (with CalTech or Columbia)   Pre-Law Advising],A00485591,Trevizo Dolores,Sociology,1,
A01210804,Roy Anna,[Economics],[Computer Science Minor],A01182483,Ngo Diana,Economics,19,
A01212100,Cruz Carleigh,[Diplomacy & World Affairs   French   Group Language],[Education Minor   Linguistics Minor],A00485196,Guillen Felisa,Spanish and French Studies,3,
A01208726,Mcmillan Demetrius,[Biology   Chemistry   Psychology],[Pre-Health Advising (for students who are interested in pursuing medicine or other health-related fields)],A00485042,Lasater-Munson Linda,Chemistry,19,
A01208777,Baird Rebekah,[Biology   Psychology],[Environmental Science Concentration (Biology or Geology)],A00792376,Thompson Kerry,Biology,4,
A01211883,Ponce Dillon,[Diplomacy & World Affairs   Economics],[3/2 Engineering Program (with CalTech or Columbia)],A00492944,Christianakis Mary,Critical Theory/Social Justice,10,
A01208809,Allen Rodney,[Computer Science],[3/2 Engineering Program (with CalTech or Columbia)   Computer Science Minor   Interdisciplinary Writing Minor   Neuroscience Minor   Pre-Law Advising],A01074611,Miller Jeffrey,Computer Science,9,
A01207012,Marks Elise,[Critical Theory & Social Justice   Politics],[Classical Studies Minor   Environmental Science Concentration (Biology or Geology)   Gender   Women   and Sexuality Studies Minor   German Minor   Pre-Law Advising],A01193779,Cortes Juvenal,Diplomacy and World Affairs,8,
A01212324,Mckay Ali,[English   Politics   Urban & Environmental Policy],[Interdisciplinary Writing Minor   Pre-Law Advising],A00945970,Neti Leila,English,11,
A01196384,Haney Chloe,[Critical Theory & Social Justice   Economics   Psychology],[Gender   Women   and Sexuality Studies Minor],A00485524,Richmond Walter,Comparative Studies/Lit & Cult,3,
A01208157,Hatfield Corey,[Biochemistry   Biology   Kinesiology],[Neuroscience Minor],A00510857,Cannon Jeffrey,Chemistry,12,
A01194627,Arroyo Ayanna,[Economics   Spanish],[],A01130100,Jalil Andrew,Economics,14,
A01207150,Wall Thalia,[English   Media Arts & Culture],[],A00485226,Villa Raul,English,13,
A01207303,Simmons Isiah,[Biology   Kinesiology   Mathematics],[Education Minor   Environmental Science Concentration (Biology or Geology)   Pre-Health Advising (for students who are interested in pursuing medicine or other health-related fields)],A01075265,Freas Debra,Comparative Studies/Lit & Cult,10,
A01208971,Marquez Chaim,[Diplomacy & World Affairs   Philosophy   Politics],[Pre-Law Advising],A00486474,Blythe Ann,Geology,10,
A01210840,Stephens Kymani,[Diplomacy & World Affairs],[Education Minor   German Minor   Public Health Minor],A00485248,Chen Sarah,East Asian Languages/Cultures,6,
A01209070,Mcdowell Eugene,[Undecided],[Gender   Women   and Sexuality Studies Minor   Neuroscience Minor],A01175178,Ear Sophal,Diplomacy and World Affairs,17,
A01207508,Bautista Cory,[Art & Art History   Economics],[],A00485248,Chen Sarah,East Asian Languages/Cultures,6,
A01210069,Dickerson Bryant,[Chemistry   Kinesiology   Physics],[3/2 Engineering Program (with CalTech or Columbia)   Pre-Health Advising (for students who are interested in pursuing medicine or other health-related fields)],A00484958,Hill Michael,Chemistry,11,
A01211466,Hutchinson Sean,[Cognitive Science   Economics   Psychology],[Education Minor   Neuroscience Minor   Pre-Health Advising (for students who are interested in pursuing medicine or other health-related fields)   Pre-Law Advising],A00484948,Buckmire Ron,Mathematics,5,
A01208282,Washington Natalya,[English],[],A01040527,Tahani-Madain Amy,English,1,
A01206284,Young Frank,[Cognitive Science   Kinesiology   Psychology],[Computer Science Minor   Linguistics Minor   Neuroscience Minor   Pre-Health Advising (for students who are interested in pursuing medicine or other health-related fields)],A00484965,Naylor D. Keith,Religious Studies,8,
A01208478,House Zander,[Biology   Psychology],[Neuroscience Minor   Pre-Health Advising (for students who are interested in pursuing medicine or other health-related fields)],A00709901,Okumura Cheryl,Biology,7,
A01207791,Walton Talan,[Diplomacy & World Affairs   Economics   Urban & Environmental Policy],[Computer Science Minor],A00485122,Maeda Donna,Critical Theory/Social Justice,7,
A01208641,Fitzgerald Angela,[Diplomacy & World Affairs   Economics],[Education Minor],A00486094,Meade Laural,Theater,8,
A01207299,Blackwell Zaid,[Diplomacy & World Affairs   Economics   Politics],[Pre-Law Advising],A00485040,Brighouse Carolyn,Philosophy,1,
A01207983,Leach Maverick,[Cognitive Science   Diplomacy & World Affairs],[3/2 Engineering Program (with CalTech or Columbia)   Classical Studies Minor   Computer Science Minor   Linguistics Minor   Neuroscience Minor   Pre-Law Advising],A00487485,Lawrence Donald,Mathematics,5,
A01211854,Andersen Makai,[Chemistry   Cognitive Science   Psychology],[Neuroscience Minor],A00485516,Spain Eileen,Chemistry,2,
A01208172,Green June,[Comparative Studies in Literature & Culture   East Asian Studies   English],[Interdisciplinary Writing Minor],A01030514,Gonzalez Thalia,Politics,4,
A01211237,Mclaughlin Miracle,[Economics   Politics],[],A00484963,Moore Robert,Economics,3,
A01212981,Moran Carlos,[Chemistry   Economics   Kinesiology],[Gender   Women   and Sexuality Studies Minor],A00485042,Lasater-Munson Linda,Chemistry,19,
A01207348,Nielsen Elvis,[Biology   Diplomacy & World Affairs   Economics],[Pre-Health Advising (for students who are interested in pursuing medicine or other health-related fields)   Pre-Law Advising],A00912143,Schindelman Gary,Biology,11,
A01206754,Lane Killian,[Critical Theory & Social Justice   Media Arts & Culture   Urban & Environmental Policy],[Education Minor   Gender   Women   and Sexuality Studies Minor   Interdisciplinary Writing Minor],A01174358,Johnson Mary,Spanish and French Studies,9,
A01206860,Maddox Peyton,[Biology   Economics],[Neuroscience Minor],A00519136,Baran Renee,Biology,16,
A01207645,Krause Precious,[Diplomacy & World Affairs   Japanese   Politics],[Gender   Women   and Sexuality Studies Minor   Linguistics Minor   Pre-Law Advising],A00485244,Schmiedeshoff George,Physics,10,
A01209460,Simpson Jaylynn,[Diplomacy & World Affairs   Politics   Sociology],[Pre-Law Advising],A00485625,Reddy Movindri,Diplomacy and World Affairs,15,
A01208472,Benton Tyshawn,[Urban & Environmental Policy],[Gender   Women   and Sexuality Studies Minor],A00485244,Schmiedeshoff George,Physics,10,
A01211505,Moody Abbey,[Economics   Media Arts & Culture   Psychology],[Neuroscience Minor],A01182483,Ngo Diana,Economics,19,
A01209491,Parks Dana,[Economics   History   Urban & Environmental Policy],[Environmental Science Concentration (Biology or Geology)   German Minor   Pre-Health Advising (for students who are interested in pursuing medicine or other health-related fields)   Pre-Law Advising   Public Health Minor],A00772337,Lopez Mary,Economics,25,
A01211724,Hartman Van,[Economics   Media Arts & Culture   Urban & Environmental Policy],[Environmental Science Concentration (Biology or Geology)   Interdisciplinary Writing Minor],A01130100,Jalil Andrew,Economics,14,
A01200597,Nunez Samuel,[Critical Theory & Social Justice   Politics   Sociology],[Gender   Women   and Sexuality Studies Minor   Pre-Law Advising],A00485244,Schmiedeshoff George,Physics,10,
A01206650,Reynolds Cristofer,[Critical Theory & Social Justice],[Pre-Law Advising],A00486474,Blythe Ann,Geology,10,
A01206677,Cook Richard,[Cognitive Science   Critical Theory & Social Justice   Psychology],[Computer Science Minor   Neuroscience Minor],A00939877,Heldman Caroline,Politics,13,
A01206654,Howell Maddox,[American Studies   Critical Theory & Social Justice   History],[Education Minor   Gender   Women   and Sexuality Studies Minor   Interdisciplinary Writing Minor],A00485205,Yin Xiao-huang,American Studies,9,
A01206624,Wyatt Ricky,[Undecided],[],A00485248,Chen Sarah,East Asian Languages/Cultures,6,
A01209025,Coffey Rowan,[Diplomacy & World Affairs   Psychology   Sociology],[Computer Science Minor],A00485129,Horowitz Maryanne,History,9,
A01211590,Benitez Kareem,[Chinese   Diplomacy & World Affairs   Media Arts & Culture],[Environmental Science Concentration (Biology or Geology)   Gender   Women   and Sexuality Studies Minor   Linguistics Minor],A00485239,Boesche Roger,Politics,1,
A01210665,Blanchard Kristina,[Art & Art History   Critical Theory & Social Justice   Philosophy],[Gender   Women   and Sexuality Studies Minor   Linguistics Minor],A01101297,Shamasunder Bhavna,Urban/Environmental Policy,27,
A01207437,Carson Juan,[Biochemistry],[Gender   Women   and Sexuality Studies Minor   Linguistics Minor   Pre-Health Advising (for students who are interested in pursuing medicine or other health-related fields)   Public Health Minor],A00485516,Spain Eileen,Chemistry,2,
A01211541,Olson Dakota,[Media Arts & Culture   Philosophy   Physics],[],A00484965,Naylor D. Keith,Religious Studies,8,
A01210076,Ochoa Darren,[Undecided   East Asian Studies   Media Arts & Culture],[Computer Science Minor   Gender   Women   and Sexuality Studies Minor   Public Health Minor],A01168022,Piscopo Jennifer,Politics,1,
A01210756,Oliver Lilian,[Economics   Philosophy   Urban & Environmental Policy],[Environmental Science Concentration (Biology or Geology)],A00991128,Kasunic David,Music,17,
A01211485,Hebert Annabella,[Chemistry   Latino/a and Latin American Studies   Psychology],[Education Minor   Gender   Women   and Sexuality Studies Minor   Neuroscience Minor   Pre-Health Advising (for students who are interested in pursuing medicine or other health-related fields)   Pre-Law Advising   Public Health Minor],A00484958,Hill Michael,Chemistry,11,
A01196452,Durham Maya,[Art & Art History   Biology   Politics],[Education Minor],A00792723,Hebert Laura,Diplomacy and World Affairs,14,
A01212621,Griffin Issac,[History   Philosophy   Urban & Environmental Policy],[Pre-Law Advising],A01168986,Day Alexander,History,10,
A01213748,Jarvis Nikolai,[Biochemistry   Biology   Chemistry],[Neuroscience Minor   Pre-Health Advising (for students who are interested in pursuing medicine or other health-related fields)],A00485232,Rugg Stuart,Kinesiology,12,
A01206874,Holder Clara,[Biology   Geology   Urban & Environmental Policy],[Environmental Science Concentration (Biology or Geology)],A00485276,Bogue Scott,Geology,9,
A01211435,Vance Dashawn,[Diplomacy & World Affairs   Theater],[],A00485279,Dess Nancy,Psychology,13,
A01208441,Duncan Lorenzo,[History   Latino/a and Latin American Studies   Politics],[Education Minor   Pre-Law Advising],A00772050,Puerto Alexandra,History,10,
A01209963,Glover Wayne,[Diplomacy & World Affairs   Spanish],[Public Health Minor],A00485132,Knoerr Alan,Mathematics,2,
A01209388,Hester Malakai,[English   Politics],[Pre-Law Advising],A00485226,Villa Raul,English,13,
A01206841,Ingram Troy,[Undecided   Biology   Sociology],[Pre-Health Advising (for students who are interested in pursuing medicine or other health-related fields)],A01202491,Baker Courtney,American Studies,2,
A01211133,Morgan Winston,[Group Language   Media Arts & Culture   Theater],[],A01191104,Schoenberg Adam,Music,10,
A01209506,Klein Gianni,[Critical Theory & Social Justice   Spanish   Urban & Environmental Policy],[Gender   Women   and Sexuality Studies Minor   Interdisciplinary Writing Minor   Neuroscience Minor],A01064180,Elsayed Hanan,Spanish and French Studies,7,
A01206356,Eaton Kristopher,[Critical Theory & Social Justice   Sociology   Urban & Environmental Policy],[Education Minor],A00428465,Raney Marcella,Kinesiology,19,
A01210949,Shelton Jovan,[Cognitive Science   Economics   Kinesiology],[Computer Science Minor],A00486091,Lin Jan,Sociology,2,
A01206712,Gates Susan,[Economics   Mathematics],[3/2 Engineering Program (with CalTech or Columbia)   Computer Science Minor],A00485194,Griffin G.,Critical Theory/Social Justice,6,
A01209934,Brandt Zaria,[Critical Theory & Social Justice   Spanish   Urban & Environmental Policy],[Gender   Women   and Sexuality Studies Minor   Linguistics Minor],A00992021,Lorenz Shanna,Music,6,
A01206668,Herrera Izaiah,[Biochemistry   Biology   Chemistry],[],A00669452,Nersissian Aram,Chemistry,9,
A01206391,Mcdaniel Logan,[Art & Art History   Cognitive Science   Kinesiology],[Linguistics Minor   Pre-Health Advising (for students who are interested in pursuing medicine or other health-related fields)],A00485224,Stone Marla,History,3,
A01212883,Mendoza Maggie,[Media Arts & Culture   Politics   Urban & Environmental Policy],[Environmental Science Concentration (Biology or Geology)   Interdisciplinary Writing Minor],A00485213,Shearer Derek,Diplomacy and World Affairs,9,
A01206855,Sexton Liberty,[Diplomacy & World Affairs   Latino/a and Latin American Studies   Politics],[Neuroscience Minor   Pre-Law Advising],A00425336,Moazzam-Doulat Malek,Religious Studies,2,
A01208883,Goodwin Allisson,[Mathematics],[],A00487485,Lawrence Donald,Mathematics,5,
A01207097,Massey Isabel,[Media Arts & Culture   Music   Psychology],[Computer Science Minor],A00772050,Puerto Alexandra,History,10,
A01197801,Valentine Nehemiah,[Diplomacy & World Affairs   Politics   Sociology],[Pre-Law Advising],A00930654,Upson-Saia Kristi,Religious Studies,13,
A01210289,Medina Ayana,[Biochemistry   Biology   Urban & Environmental Policy],[Environmental Science Concentration (Biology or Geology)   Linguistics Minor   Neuroscience Minor],A00485233,Rusmore Margaret,Geology,13,
A01206941,Edwards Kayla,[Politics   Urban & Environmental Policy],[Computer Science Minor   Environmental Science Concentration (Biology or Geology)],A00416264,George Roger,Politics,1,
A01208068,Gomez Moriah,[Undecided],[Linguistics Minor   Pre-Health Advising (for students who are interested in pursuing medicine or other health-related fields)   Pre-Law Advising],A00986019,Scheel Janet,Physics,18,
A01208379,Mcintyre Zachariah,[Biology   Cognitive Science   Psychology],[Environmental Science Concentration (Biology or Geology)   Neuroscience Minor   Pre-Health Advising (for students who are interested in pursuing medicine or other health-related fields)],A00484968,Martin Gary,Biology,8,
A01206724,Fry Gilberto,[Biochemistry],[3/2 Engineering Program (with CalTech or Columbia)   Computer Science Minor],A00485264,Ezaki Motoko,East Asian Languages/Cultures,7,
A01209134,Welch Kendra,[Biology   Diplomacy & World Affairs   Urban & Environmental Policy],[3/2 Engineering Program (with CalTech or Columbia)   Environmental Science Concentration (Biology or Geology)],A00487471,Stocking Damian,Comparative Studies/Lit & Cult,22,
A01211780,Freeman Mike,[Comparative Studies in Literature & Culture   Critical Theory & Social Justice   English],[Interdisciplinary Writing Minor],A01132892,Khagram Sanjeev,Diplomacy and World Affairs,14,
A01206781,Richard Carson,[Comparative Studies in Literature & Culture   English   Theater],[Education Minor],A00494643,Heffernan Mary Beth,Art and Art History,8,
A01212411,Hunt Harley,[Diplomacy & World Affairs   Economics   Spanish],[],A00484957,Solorzano Ronald,Education,7,
A01206767,Reilly Ella,[Undecided],[Gender   Women   and Sexuality Studies Minor   Pre-Law Advising],A00942638,Mora Richard,Sociology,44,
A01213088,Morrow Heaven,[Biochemistry   Biology   Chemistry],[],A01202092,Ball Erica,American Studies,1,
A01212321,Black Francis,[Undecided   Diplomacy & World Affairs   English],[Interdisciplinary Writing Minor],A00484955,Frank Eric,Art and Art History,8,
A01210740,Beltran Anika,[Physics],[3/2 Engineering Program (with CalTech or Columbia)],A00485260,Eggleston Dennis,Physics,8,
A01208030,Nguyen Ryann,[Music],[],A00486909,Girton Irene,Music,4,
A01206837,Acosta Arielle,[Economics   Politics],[Pre-Law Advising],A00792853,Ashenmiller Bevin,Economics,10,
A01208457,Cobb Tyson,[Comparative Studies in Literature & Culture   Diplomacy & World Affairs   English],[Environmental Science Concentration (Biology or Geology)   Pre-Law Advising],A00485252,Saint-Aubin Arthur,Spanish and French Studies,3,
A01208659,Kelly Lucy,[Biology   English   Urban & Environmental Policy],[Environmental Science Concentration (Biology or Geology)   Gender   Women   and Sexuality Studies Minor],A00519136,Baran Renee,Biology,16,
A01212227,Mckinney Teagan,[Biochemistry   Kinesiology   Mathematics],[Neuroscience Minor   Pre-Health Advising (for students who are interested in pursuing medicine or other health-related fields)],A00485269,Burkdall Thomas,Writing and Rhetoric,5,
A01213588,Graham Vivian,[Geology   Physics],[Classical Studies Minor   Environmental Science Concentration (Biology or Geology)],A01173858,Kozinn Sarah,Theater,9,
A01207998,Kline Angelique,[Biology   English   Psychology],[Neuroscience Minor],A00485831,North Gretchen,Biology,13,
A01212061,Cowan Irene,[Art & Art History   Diplomacy & World Affairs   Politics],[Pre-Law Advising],A00486909,Girton Irene,Music,4,
A01206890,Wilcox Charles,[Biology],[Pre-Health Advising (for students who are interested in pursuing medicine or other health-related fields)],A00911661,Goffredi Shana,Biology,12,
A01206861,Fowler Seamus,[Diplomacy & World Affairs   Politics],[3/2 Engineering Program (with CalTech or Columbia)   Pre-Law Advising],A00494643,Heffernan Mary Beth,Art and Art History,8,
A01212442,Rosario Alicia,[Kinesiology   Psychology],[Gender   Women   and Sexuality Studies Minor   Pre-Health Advising (for students who are interested in pursuing medicine or other health-related fields)],A00485232,Rugg Stuart,Kinesiology,12,
A01213918,Lucero Eliana,[Economics],[3/2 Engineering Program (with CalTech or Columbia)],A00772337,Lopez Mary,Economics,25,
A01206309,Mclean Adriel,[Biochemistry   Biology   Diplomacy & World Affairs],[Neuroscience Minor   Pre-Health Advising (for students who are interested in pursuing medicine or other health-related fields)   Public Health Minor],A00485192,Grayson Susan,Spanish and French Studies,10,
A01209894,Hunter August,[Biology   Cognitive Science   Diplomacy & World Affairs],[3/2 Engineering Program (with CalTech or Columbia)   Linguistics Minor   Neuroscience Minor],A00485040,Brighouse Carolyn,Philosophy,1,
A01206735,Buckley Francesca,[Mathematics],[3/2 Engineering Program (with CalTech or Columbia)   Pre-Law Advising],A01181684,Basu Treena,Mathematics,7,
A01207245,Riddle Devyn,[Critical Theory & Social Justice   Sociology   Urban & Environmental Policy],[Education Minor   Gender   Women   and Sexuality Studies Minor   Pre-Law Advising],A01071507,Ford James,English,12,
A01206827,Franco Brooklyn,[Art & Art History   Chemistry],[Pre-Health Advising (for students who are interested in pursuing medicine or other health-related fields)   Public Health Minor],A00792376,Thompson Kerry,Biology,4,
A01208135,Lyons Jazmine,[Politics   Theater],[],A00485660,Freer Regina,Politics,15,
A01211924,Cardenas Alfonso,[Biology   Diplomacy & World Affairs   Politics],[Pre-Health Advising (for students who are interested in pursuing medicine or other health-related fields)   Pre-Law Advising],A01106254,McCormack John,Biology,11,
A01208176,Craig Emmanuel,[Cognitive Science   Critical Theory & Social Justice   Psychology],[Neuroscience Minor   Pre-Health Advising (for students who are interested in pursuing medicine or other health-related fields)],A00485138,Lopez Adelaida,Spanish and French Studies,10,
A01209278,Zhang Reagan,[Undecided   Biochemistry   Biology],[Computer Science Minor],A01104660,Laskin Ari,Media Arts and Culture,13,
A01213900,Trujillo Francisco,[Undecided],[3/2 Engineering Program (with CalTech or Columbia)],A00485280,Dreier Peter,Urban/Environmental Policy,14,
A01209031,Santiago Makenzie,[Cognitive Science   Media Arts & Culture   Sociology],[Computer Science Minor],A00416264,George Roger,Politics,1,
A01208894,Contreras Jayden,[English   Media Arts & Culture   Psychology],[Education Minor   Interdisciplinary Writing Minor],A00485251,Fineman Daniel,English,10,
A01209385,Mercado Yazmin,[History   Urban & Environmental Policy],[],A00485224,Stone Marla,History,3,
A01208920,Burnett Emanuel,[Kinesiology   Media Arts & Culture],[Interdisciplinary Writing Minor   Pre-Health Advising (for students who are interested in pursuing medicine or other health-related fields)],A00485232,Rugg Stuart,Kinesiology,12,
A01209648,Randall Jacey,[Undecided   Art & Art History   Media Arts & Culture],[],A01174358,Johnson Mary,Spanish and French Studies,9,
A01207357,Morales Aurora,[French   Kinesiology],[],A00485235,Schramm Alec,Physics,3,
A01209804,Lambert Hailie,[Biochemistry   Biology   Kinesiology],[3/2 Engineering Program (with CalTech or Columbia)   Environmental Science Concentration (Biology or Geology)   Pre-Health Advising (for students who are interested in pursuing medicine or other health-related fields)],A01193429,Roberts Christian,Kinesiology,3,
A01206878,Monroe Savannah,[Cognitive Science   Kinesiology   Psychology],[Neuroscience Minor   Pre-Health Advising (for students who are interested in pursuing medicine or other health-related fields)   Public Health Minor],A01183184,Daigle Gerald,Mathematics,15,
A01210298,Garrett Marie,[Economics   Politics],[Computer Science Minor   Pre-Law Advising],A01071452,Djerdjian Daron,Economics,14,
A01206737,Cuevas Nigel,[Economics   Mathematics],[3/2 Engineering Program (with CalTech or Columbia)],A01174017,Umanskaya Victoria,Economics,17,
A01207413,Curtis Salvatore,[Biochemistry   Biology   Mathematics],[3/2 Engineering Program (with CalTech or Columbia)],A00484957,Solorzano Ronald,Education,7,
A01208587,Shields Davian,[Theater],[],A01168626,Mithlo Nancy Marie,Art and Art History,2,
A01206810,Garner Jaydan,[Critical Theory & Social Justice   Media Arts & Culture   Politics],[Pre-Law Advising],A00485213,Shearer Derek,Diplomacy and World Affairs,9,
A01206801,Blake Kendall,[Psychology   Sociology   Urban & Environmental Policy],[3/2 Engineering Program (with CalTech or Columbia)   Neuroscience Minor],A00484987,Rodriguez Jaclyn,Psychology,10,
A01212002,Riley Oliver,[Undecided],[],A00485132,Knoerr Alan,Mathematics,2,
A01209277,Gould Rogelio,[Cognitive Science],[3/2 Engineering Program (with CalTech or Columbia)   Computer Science Minor],A00485248,Chen Sarah,East Asian Languages/Cultures,6,
A01206318,Barton Luciana,[Economics],[German Minor   Pre-Law Advising],A01182483,Ngo Diana,Economics,19,
A01206389,Wade Carina,[Economics   Mathematics],[Computer Science Minor],A00484963,Moore Robert,Economics,3,
A01212233,Calderon Jasmin,[Economics   Kinesiology   Psychology],[Public Health Minor],A01191102,Mora Jesse,Economics,11,
A01211982,Fernandez Israel,[Diplomacy & World Affairs   Spanish   Urban & Environmental Policy],[Linguistics Minor],A00942638,Mora Richard,Sociology,44,
A01211000,Moses Hayley,[Biology   Kinesiology],[Pre-Health Advising (for students who are interested in pursuing medicine or other health-related fields)],A01202091,Larsen Darren,Geology,3,
A01210461,Chase Alison,[Biology   Economics   Mathematics],[3/2 Engineering Program (with CalTech or Columbia)],A00485194,Griffin G.,Critical Theory/Social Justice,6,
A01207327,Paul Dario,[History   Latino/a and Latin American Studies   Spanish],[Classical Studies Minor   Linguistics Minor],A00485256,Gelbart Nina,History,4,
A01207689,Joyce Heath,[Biochemistry   Chemistry   Psychology],[3/2 Engineering Program (with CalTech or Columbia)   Neuroscience Minor   Pre-Health Advising (for students who are interested in pursuing medicine or other health-related fields)],A00428465,Raney Marcella,Kinesiology,19,
A01206821,Hudson Muhammad,[Diplomacy & World Affairs   English   Media Arts & Culture],[Environmental Science Concentration (Biology or Geology)   Interdisciplinary Writing Minor],A00484955,Frank Eric,Art and Art History,8,
A01206872,Bass Neil,[Biology   English   Psychology],[Environmental Science Concentration (Biology or Geology)   Neuroscience Minor   Pre-Health Advising (for students who are interested in pursuing medicine or other health-related fields)],A00661947,Schulz Joseph,Biology,8,
A01211712,Whitehead Immanuel,[Chinese   Comparative Studies in Literature & Culture   Group Language],[Education Minor   German Minor   Linguistics Minor],A00792853,Ashenmiller Bevin,Economics,10,
A01206879,Butler Taniya,[Economics],[Linguistics Minor   Pre-Law Advising],A00960902,Wandschneider Kirsten,Economics,28,
A01208397,Wagner Brendan,[Biology   Kinesiology   Music],[Classical Studies Minor   Computer Science Minor   Gender   Women   and Sexuality Studies Minor   Neuroscience Minor],A01174358,Johnson Mary,Spanish and French Studies,9,
A01206661,Conway Heather,[Biology],[Pre-Health Advising (for students who are interested in pursuing medicine or other health-related fields)],A01138146,Zellmer McCormack Amanda,Biology,11,
A01208639,Petty George,[Cognitive Science   Psychology   Sociology],[Education Minor   Linguistics Minor   Neuroscience Minor],A00485263,Ellis Robert,Spanish and French Studies,11,
A01211201,Brennan Jaylen,[Art & Art History   Critical Theory & Social Justice   Spanish],[],A00510857,Cannon Jeffrey,Chemistry,12,
A01211943,Horn Jakob,[Critical Theory & Social Justice   Economics   Sociology],[Pre-Law Advising   Public Health Minor],A00772050,Puerto Alexandra,History,10,
A01208601,Jackson Jane,[Biology   Psychology   Urban & Environmental Policy],[Environmental Science Concentration (Biology or Geology)   Gender   Women   and Sexuality Studies Minor],A00912143,Schindelman Gary,Biology,11,
A01209907,Middleton Kamden,[Diplomacy & World Affairs   Politics   Russian],[Computer Science Minor   Interdisciplinary Writing Minor],A00485267,Bouchard John,Theater,5,
A01206644,Vaughan Kallie,[Diplomacy & World Affairs   Politics   Spanish],[Gender   Women   and Sexuality Studies Minor   Interdisciplinary Writing Minor   Linguistics Minor],A00484977,Newhall Eric,English,6,
A01213143,Frost Karma,[Critical Theory & Social Justice   Economics   Sociology],[Computer Science Minor   Education Minor   Gender   Women   and Sexuality Studies Minor],A00485205,Yin Xiao-huang,American Studies,9,
A01208175,Lloyd Miriam,[Diplomacy & World Affairs   Japanese   Politics],[],A00960414,Shelton Michael,Spanish and French Studies,9,
A01212022,Sutton Raquel,[Undecided   Economics],[],A00485238,Besemer Linda,Art and Art History,11,
A01212816,Daugherty Johan,[Diplomacy & World Affairs   French   Media Arts & Culture],[Gender   Women   and Sexuality Studies Minor   Pre-Law Advising],A01168022,Piscopo Jennifer,Politics,1,
A01207008,Callahan Finnegan,[Biochemistry   Biology   Chemistry],[],A01193414,Lerner Ross,English,9,
A01213828,Flores Simon,[Critical Theory & Social Justice   Diplomacy & World Affairs   Politics],[Pre-Law Advising],A00486091,Lin Jan,Sociology,2,
A01210565,Walter Laci,[Media Arts & Culture],[Gender   Women   and Sexuality Studies Minor],A00484955,Frank Eric,Art and Art History,8,
A01213401,Stephenson Cael,[Biology   English   Sociology],[Education Minor   Environmental Science Concentration (Biology or Geology)   Interdisciplinary Writing Minor   Neuroscience Minor],A00709901,Okumura Cheryl,Biology,7,
A01209528,Bradshaw Dwayne,[Urban & Environmental Policy],[Pre-Law Advising],A00485129,Horowitz Maryanne,History,9,
A01211181,Santana Octavio,[Mathematics],[3/2 Engineering Program (with CalTech or Columbia)   Computer Science Minor   Pre-Law Advising],A01183184,Daigle Gerald,Mathematics,15,
A01211366,Stafford Halle,[Undecided   Diplomacy & World Affairs   Psychology],[],A00485192,Grayson Susan,Spanish and French Studies,10,
A01208219,Colon Kaia,[Politics   Psychology],[Pre-Law Advising],A00485239,Boesche Roger,Politics,1,
A01207382,Barrera Janiah,[English   Music],[],A00484977,Newhall Eric,English,6,
A01213322,Love William,[Biology],[],A00485268,Braker H. Elizabeth,Biology,15,
A01207702,Brady Ruby,[Psychology],[Pre-Health Advising (for students who are interested in pursuing medicine or other health-related fields)],A00931761,Kim Brian,Psychology,19,
A01211100,Maldonado Ishaan,[Philosophy   Politics   Psychology],[Classical Studies Minor   Gender   Women   and Sexuality Studies Minor   Pre-Health Advising (for students who are interested in pursuing medicine or other health-related fields)],A01101696,Sabo William,Philosophy,6,
A01211524,Rice Isabela,[Undecided   Physics   Politics],[Computer Science Minor   Neuroscience Minor   Pre-Law Advising],A00487471,Stocking Damian,Comparative Studies/Lit & Cult,22,
A01211832,Alexander Jordyn,[Critical Theory & Social Justice   Diplomacy & World Affairs   Politics],[Pre-Law Advising   Public Health Minor],A01168986,Day Alexander,History,10,
A01211415,Grant Holly,[Economics],[Computer Science Minor],A01174017,Umanskaya Victoria,Economics,17,
A01212300,Carey Marcus,[Critical Theory & Social Justice   Politics   Psychology],[Education Minor   Pre-Law Advising],A00485234,Sadd James,Geology,6,
A01207742,Sanchez Gia,[Critical Theory & Social Justice   Diplomacy & World Affairs   History],[Interdisciplinary Writing Minor   Pre-Law Advising],A00485243,Schell Anne,Psychology,1,
A01206839,Owens Kiley,[Undecided],[German Minor],A01191840,Parks Virginia,Urban/Environmental Policy,10,
A01206568,Marshall Toby,[Undecided   Chemistry   Cognitive Science],[3/2 Engineering Program (with CalTech or Columbia)   Computer Science Minor   Neuroscience Minor],A01030514,Gonzalez Thalia,Politics,4,
A01211626,Burke Christine,[Economics   Philosophy   Psychology],[],A00484948,Buckmire Ron,Mathematics,5,
A01213244,Bolton Aliza,[Economics],[],A00485264,Ezaki Motoko,East Asian Languages/Cultures,7,
A01208664,Anderson Lydia,[Diplomacy & World Affairs   English   Theater],[Education Minor],A00485818,Sousa Lisa,History,7,
A01208965,Hendrix Tessa,[Biology   Media Arts & Culture],[Pre-Health Advising (for students who are interested in pursuing medicine or other health-related fields)],A00709901,Okumura Cheryl,Biology,7,
A01206700,Williamson Hugo,[Psychology   Sociology],[],A00484987,Rodriguez Jaclyn,Psychology,10,
A01206838,Strickland Gaige,[Diplomacy & World Affairs],[Computer Science Minor],A01174017,Umanskaya Victoria,Economics,17,
A01212326,Hahn Isabelle,[Comparative Studies in Literature & Culture   Critical Theory & Social Justice   Diplomacy & World Affairs],[Education Minor   Gender   Women   and Sexuality Studies Minor   Interdisciplinary Writing Minor   Linguistics Minor],A00432492,Sundberg Eric,Mathematics,6,
A01207879,Rowe Grace,[Diplomacy & World Affairs   Media Arts & Culture   Politics],[Linguistics Minor],A01168986,Day Alexander,History,10,
A01210250,Arnold Braydon,[Undecided],[],A01034816,Levitan Carmel,Cognitive Science,14,
A01206853,Carrillo Theodore,[Undecided],[],A00484965,Naylor D. Keith,Religious Studies,8,
A01206881,Sharp Elsa,[Diplomacy & World Affairs   East Asian Studies   Group Language],[Education Minor   Gender   Women   and Sexuality Studies Minor   Interdisciplinary Writing Minor   Linguistics Minor   Public Health Minor],A00960902,Wandschneider Kirsten,Economics,28,
A01211204,Pugh Meredith,[Mathematics   Sociology],[Education Minor],A01174404,Lal Nishu,Mathematics,3,
A01207873,Lowe Colton,[Diplomacy & World Affairs   Politics],[Pre-Law Advising],A00772084,Fox Broderick,Media Arts and Culture,16,
A01212515,Knox Deborah,[Diplomacy & World Affairs   Politics],[Pre-Law Advising],A00485040,Brighouse Carolyn,Philosophy,1,
A01207023,Blair Anabella,[Sociology],[],A00510957,Littlejohn Krystale,Sociology,9,
A01206862,Weaver Chace,[Biology],[Pre-Health Advising (for students who are interested in pursuing medicine or other health-related fields)   Public Health Minor],A01138146,Zellmer McCormack Amanda,Biology,11,
A01212988,Farrell Chris,[Biology   Cognitive Science],[Pre-Health Advising (for students who are interested in pursuing medicine or other health-related fields)],A00484958,Hill Michael,Chemistry,11,
A01206829,Gregory Deon,[Critical Theory & Social Justice   Diplomacy & World Affairs   Psychology],[Pre-Law Advising],A00485196,Guillen Felisa,Spanish and French Studies,3,
A01209376,Benson Luca,[Undecided   Cognitive Science   Psychology],[Neuroscience Minor   Pre-Health Advising (for students who are interested in pursuing medicine or other health-related fields)],A00485264,Ezaki Motoko,East Asian Languages/Cultures,7,
A01207221,Joseph Raymond,[Diplomacy & World Affairs   Politics   Sociology],[3/2 Engineering Program (with CalTech or Columbia)   Pre-Law Advising],A00485269,Burkdall Thomas,Writing and Rhetoric,5,
A01206375,Herman Antony,[Politics],[Linguistics Minor],A00939877,Heldman Caroline,Politics,13,
A01212358,Blevins Ivy,[Diplomacy & World Affairs   Kinesiology   Psychology],[],A00519149,Prebel Julie,Writing and Rhetoric,8,
A01212649,Moreno Addison,[Media Arts & Culture   Theater],[German Minor],A01191101,Li Ning Hui,Computer Science,14,
A01212991,Hobbs Matias,[Critical Theory & Social Justice   English   Media Arts & Culture],[],A00485239,Boesche Roger,Politics,1,
A01209363,Lozano Mya,[Economics],[3/2 Engineering Program (with CalTech or Columbia)   Computer Science Minor],A00484963,Moore Robert,Economics,3,
A01210738,Harmon Roselyn,[Biology   Geology   Physics],[3/2 Engineering Program (with CalTech or Columbia)   Computer Science Minor   Environmental Science Concentration (Biology or Geology)   Gender   Women   and Sexuality Studies Minor],A00485232,Rugg Stuart,Kinesiology,12,
A01211770,Giles Jon,[Psychology],[Pre-Health Advising (for students who are interested in pursuing medicine or other health-related fields)],A00968156,Shtulman Andrew,Psychology,14,
A01209440,Powell Abram,[Critical Theory & Social Justice   Diplomacy & World Affairs   Urban & Environmental Policy],[Public Health Minor],A00492943,Fett Sharla,History,11,
A01207646,Abbott Xzavier,[Kinesiology],[Computer Science Minor],A00484974,Mehl Lynn,Kinesiology,8,
A01200484,Robles Mercedes,[Geology],[3/2 Engineering Program (with CalTech or Columbia)],A00485276,Bogue Scott,Geology,9,
A01206705,Stanton Trenton,[Diplomacy & World Affairs   Latino/a and Latin American Studies   Urban & Environmental Policy],[Public Health Minor],A00485804,Snowden-Ifft Daniel,Physics,8,
A01206763,Davenport Zackery,[Diplomacy & World Affairs   Economics   Urban & Environmental Policy],[Environmental Science Concentration (Biology or Geology)   Public Health Minor],A00484948,Buckmire Ron,Mathematics,5,
A01211325,Cortez Willie,[Cognitive Science   Economics   Psychology],[Computer Science Minor   Neuroscience Minor],A00510957,Littlejohn Krystale,Sociology,9,
A01210378,Garcia Brayan,[Psychology],[Neuroscience Minor],A00484951,Chapman Clinton,Psychology,4,
A01206711,Landry Nia,[Critical Theory & Social Justice   Diplomacy & World Affairs   Politics],[Gender   Women   and Sexuality Studies Minor   Interdisciplinary Writing Minor   Public Health Minor],A00485280,Dreier Peter,Urban/Environmental Policy,14,
A01210810,Short Aleah,[French   Media Arts & Culture   Theater],[3/2 Engineering Program (with CalTech or Columbia)   Interdisciplinary Writing Minor],A00484987,Rodriguez Jaclyn,Psychology,10,
A01210848,Mcgee Lyla,[Undecided   Biology   Economics],[Computer Science Minor   Neuroscience Minor],A00484957,Solorzano Ronald,Education,7,
A01206719,Lutz Victoria,[Undecided   Psychology],[Pre-Health Advising (for students who are interested in pursuing medicine or other health-related fields)],A00982629,Lang John,Sociology,5,
A01206338,Pena Camille,[Urban & Environmental Policy],[Environmental Science Concentration (Biology or Geology)   Gender   Women   and Sexuality Studies Minor],A00485243,Schell Anne,Psychology,1,
A01209018,Tucker Leroy,[Cognitive Science   Psychology],[Neuroscience Minor],A00519149,Prebel Julie,Writing and Rhetoric,8,
A01211306,Zimmerman Charlee,[Physics],[3/2 Engineering Program (with CalTech or Columbia)],A00486094,Meade Laural,Theater,8,
A01213235,Powers Aiden,[Critical Theory & Social Justice   Diplomacy & World Affairs   Group Language],[Gender   Women   and Sexuality Studies Minor   German Minor   Interdisciplinary Writing Minor   Linguistics Minor   Pre-Law Advising],A00485260,Eggleston Dennis,Physics,8,
A01213380,Haley Kade,[Diplomacy & World Affairs   Politics   Urban & Environmental Policy],[],A00485190,Gratch Susan,Theater,9,
A01208421,Buck Jessie,[Cognitive Science   Media Arts & Culture   Theater],[Linguistics Minor   Neuroscience Minor   Pre-Health Advising (for students who are interested in pursuing medicine or other health-related fields)],A01202092,Ball Erica,American Studies,1,
A01196203,Phelps Emmy,[Biology   Kinesiology   Psychology],[Gender   Women   and Sexuality Studies Minor   Pre-Health Advising (for students who are interested in pursuing medicine or other health-related fields)   Public Health Minor],A01106254,McCormack John,Biology,11,
A01209681,Hanna Mitchell,[Undecided   Economics   Media Arts & Culture],[Interdisciplinary Writing Minor],A01104660,Laskin Ari,Media Arts and Culture,13,
A01213103,Christensen Rose,[Biology   Politics   Urban & Environmental Policy],[Computer Science Minor   Environmental Science Concentration (Biology or Geology)],A00485038,Pondella Daniel,Biology,12,
A01207038,Lowery Joslyn,[Undecided   Psychology   Urban & Environmental Policy],[Environmental Science Concentration (Biology or Geology)   Interdisciplinary Writing Minor],A01064181,Morrissey Clair,Philosophy,18,
A01209552,Soto Warren,[Critical Theory & Social Justice   Sociology   Urban & Environmental Policy],[Gender   Women   and Sexuality Studies Minor],A01174358,Johnson Mary,Spanish and French Studies,9,
A01206722,Osborne Jonah,[Undecided   Cognitive Science   Psychology],[Neuroscience Minor   Pre-Health Advising (for students who are interested in pursuing medicine or other health-related fields)],A00485257,Fernandez Salvador,Spanish and French Studies,11,
A01199064,Hinton Lyric,[Biochemistry   Biology   Diplomacy & World Affairs],[Pre-Health Advising (for students who are interested in pursuing medicine or other health-related fields)   Public Health Minor],A00792719,Chu Lan,Diplomacy and World Affairs,25,
A01209556,Skinner Messiah,[Cognitive Science   French   Psychology],[Linguistics Minor   Neuroscience Minor],A01182471,Sherman Aleksandra,Cognitive Science,17,
A01209933,Lucas Karissa,[Economics],[],A00792853,Ashenmiller Bevin,Economics,10,
A01206775,Moyer Serenity,[Cognitive Science   Diplomacy & World Affairs   Politics],[Linguistics Minor   Pre-Law Advising],A00960414,Shelton Michael,Spanish and French Studies,9,
A01211539,Huber Ireland,[Diplomacy & World Affairs   French   Politics],[Gender   Women   and Sexuality Studies Minor   Interdisciplinary Writing Minor   Pre-Law Advising],A00486094,Meade Laural,Theater,8,
A01211036,Spence Marcos,[Biology   Group Language   Sociology],[Classical Studies Minor   Environmental Science Concentration (Biology or Geology)   Gender   Women   and Sexuality Studies Minor   German Minor   Interdisciplinary Writing Minor   Linguistics Minor   Neuroscience Minor   Pre-Health Advising (for students who are interested in pursuing medicine or other health-related fields)   Pre-Law Advising   Public Health Minor],A01191104,Schoenberg Adam,Music,10,
A01208599,Erickson Jacqueline,[Diplomacy & World Affairs   Economics   Media Arts & Culture],[Computer Science Minor],A00485183,Homiak Marcia,Philosophy,1,
A01023330,Kemp Marvin,[Economics   Media Arts & Culture],[Pre-Law Advising],A00485220,Studenmund A. Harwood,Economics,1,
A01211329,Shah Kiana,[Undecided],[Pre-Law Advising],A00485121,Lyke Linda,Art and Art History,9,
A01207460,Guerra Tanya,[Biology],[Pre-Health Advising (for students who are interested in pursuing medicine or other health-related fields)],A00792376,Thompson Kerry,Biology,4,
A01207027,Diaz Aleena,[History   Media Arts & Culture   Politi